,City,Cloudiness,Country,Date,Humidity,Lat,Lng,Max_Temp,Wind_Speed
0,Vanimo,44,PG,1553440212,99,-2.67,141.3,83.27660000000004,17.627057981388692
1,Roebourne,92,AU,1553440594,88,-20.77,117.15,75.71659999999997,34.62777380100215
2,Rikitea,88,PF,1553440594,100,-23.12,-134.97,76.3466,16.508589835361487
3,Aklavik,40,CA,1553436000,78,68.22,-135.01,17.86999999999996,5.8160343593414465
4,Acapulco,5,MX,1553435040,69,16.86,-99.88,75.46999999999997,3.3554044380816035
5,Punta Arenas,40,CL,1553440389,62,-53.16,-70.91,55.274000000000015,23.040443808160347
6,Pangnirtung,80,CA,1553440596,92,66.15,-65.72,18.926600000000043,10.468861846814603
7,Atuona,64,PF,1553440502,100,-9.8,-139.03,82.37660000000005,17.06782390837509
8,Beaumont,1,US,1553440507,73,30.09,-94.1,72.26600000000002,11.40837508947745
9,Yellowknife,75,CA,1553440367,65,62.45,-114.38,9.266000000000009,13.869005010737295
10,Jamestown,12,AU,1553440462,72,-33.21,138.6,61.316599999999966,15.613815318539729
11,Ushuaia,20,AR,1553436000,76,-54.81,-68.31,52.069999999999965,5.8160343593414465
12,Qaanaaq,0,GL,1553440044,65,77.48,-69.36,-22.473400000000012,10.804402290622763
13,Marystown,64,CA,1553439681,100,47.17,-55.16,36.266000000000005,20.087687902648533
14,Hithadhoo,8,MV,1553440105,100,-0.6,73.08,85.16659999999996,9.126700071581961
15,Emba,75,CY,1553437800,54,34.81,32.42,62.86999999999996,16.1059413027917
16,Hermanus,48,ZA,1553440589,84,-34.42,19.24,75.27200000000005,2.9974946313528994
17,Faanui,64,PF,1553440069,98,-16.48,-151.75,85.3466,14.607193987115247
18,Cape Girardeau,90,US,1553440218,71,37.31,-89.52,57.272000000000034,8.05297065139585
19,Saskylakh,24,RU,1553440128,29,71.97,114.09,-20.223400000000012,2.9751252684323553
20,Along,36,IN,1553440168,85,28.17,94.8,56.90659999999998,1.968503937007874
21,Bluff,0,AU,1553440015,75,-23.58,149.07,74.90659999999998,7.6726914817466
22,Saint-Esteve,0,FR,1553440595,33,42.71,2.84,78.27799999999996,8.05297065139585
23,Broome,20,GB,1553440025,50,52.47,1.45,57.272000000000034,11.40837508947745
24,Sobolevo,0,RU,1553440604,55,54.43,31.9,43.58660000000002,16.73228346456693
25,Busselton,0,AU,1553440603,37,-33.64,115.35,57.272000000000034,20.535075161059414
26,Ayan,0,TR,1553440605,48,40.67,33.6,32.2466,7.56084466714388
27,Avarua,88,CK,1553437800,94,-21.21,-159.78,79.06999999999996,4.6975662133142455
28,Vaini,0,IN,1553440428,59,15.34,74.49,78.95659999999998,3.5343593414459558
29,Kodiak,90,US,1553440545,87,39.95,-94.76,52.26799999999999,4.6975662133142455
30,Hobart,75,AU,1553440455,72,-42.88,147.33,64.66999999999996,14.987473156764496
31,Nemuro,0,JP,1553440609,100,43.32,145.57,29.096600000000002,20.535075161059414
32,Krasnopillya,88,UA,1553440610,86,50.77,35.26,39.35659999999998,10.580708661417324
33,Maniitsoq,88,GL,1553440610,81,65.42,-52.9,18.65659999999998,13.265032211882605
34,Winterberg,40,DE,1553440602,53,51.19,8.53,55.274000000000015,8.05297065139585
35,Yiyang,0,CN,1553440611,98,28.59,112.35,45.7466,4.652827487473157
36,Lebu,12,ET,1553440025,19,8.96,38.73,74.36659999999996,9.126700071581961
37,San Patricio,0,PY,1553440463,66,-26.98,-56.83,83.00659999999999,3.1988188976377954
38,Cape Town,20,ZA,1553439792,69,-33.93,18.42,76.26199999999996,21.921975662133143
39,Hilo,90,US,1553440513,88,19.71,-155.08,67.26199999999996,3.3554044380816035
40,Tiksi,12,RU,1553440109,37,71.64,128.87,-11.493400000000022,1.4092698639942736
41,San Felipe,0,CL,1553440397,29,-32.75,-70.73,84.27200000000005,2.192197566213314
42,Pakokku,0,MM,1553440614,58,21.33,95.09,76.70659999999998,5.994989262705799
43,Khatanga,80,RU,1553440615,66,71.98,102.47,2.8165999999999585,5.212061560486758
44,Puerto Ayora,40,EC,1553439689,83,-0.74,-90.35,80.86999999999996,8.05297065139585
45,Whitehorse,20,CA,1553440366,86,60.72,-135.06,30.272000000000038,3.3554044380816035
46,Codrington,36,AU,1553439904,88,-28.95,153.24,80.86999999999996,5.8160343593414465
47,Ayat,12,ET,1553440618,19,9.03,38.85,74.36659999999996,9.126700071581961
48,Turtas,68,RU,1553440619,83,58.94,69.13,31.97660000000004,3.1988188976377954
49,Albany,1,US,1553440153,51,42.65,-73.75,46.274000000000015,11.40837508947745
50,Ossora,56,RU,1553440179,83,59.24,163.07,9.026600000000041,17.06782390837509
51,Thompson,5,CA,1553436000,59,55.74,-97.86,-0.12999999999998835,6.9345025053686475
52,Saint George,20,GR,1553439793,51,39.45,22.34,66.46999999999997,5.8160343593414465
53,Chokurdakh,20,RU,1553440620,37,70.62,147.9,-10.953400000000002,3.4225125268432355
54,Centralia,75,US,1553440468,81,39.21,-92.14,57.272000000000034,9.171438797423049
55,Cayenne,100,GF,1553437800,88,4.94,-52.33,79.06999999999996,3.3554044380816035
56,Naze,75,NG,1553436000,70,5.43,7.07,86.26999999999995,6.9345025053686475
57,Leningradskiy,56,RU,1553440038,78,69.38,178.42,-0.6934000000000182,2.5277380100214746
58,Soyo,88,AO,1553440539,83,-6.13,12.37,83.0966,6.666070150322119
59,Klaksvik,64,FO,1553439000,80,62.23,-6.59,41.26999999999996,23.040443808160347
60,Kruisfontein,56,ZA,1553440623,83,-34.0,24.73,68.6966,17.17967072297781
61,Mangrol,56,IN,1553440225,39,25.33,76.51,78.77660000000004,8.791159627773801
62,Mar del Plata,12,AR,1553439954,65,-46.43,-67.52,61.856599999999986,5.100214745884037
63,Coihaique,20,CL,1553436240,58,-45.58,-72.07,55.66999999999996,3.3554044380816035
64,Menongue,0,AO,1553440106,19,-14.66,17.68,90.47660000000005,7.225304223335719
65,Hasaki,20,JP,1553439792,60,35.73,140.83,39.469999999999956,9.171438797423049
66,Temerloh,32,MY,1553440625,97,3.45,102.42,73.82660000000004,2.192197566213314
67,Shellbrook,90,CA,1553436000,72,53.22,-106.39,16.069999999999958,9.171438797423049
68,Cockburn Town,0,TC,1553440413,96,21.46,-71.14,79.40659999999998,17.85075161059413
69,Lianzhou,92,CN,1553440626,96,24.79,112.38,52.0466,2.4158911954187547
70,Talnakh,80,RU,1553440064,88,69.49,88.39,15.86659999999996,5.659448818897637
71,Tuktoyaktuk,20,CA,1553436000,78,69.44,-133.03,12.46999999999996,11.40837508947745
72,Barabai,44,ID,1553440627,95,-2.59,115.38,75.80659999999997,2.192197566213314
73,Mataura,88,NZ,1553440205,82,-46.19,168.86,69.27799999999996,1.990873299928418
74,Rio Gallegos,20,AR,1553436000,62,-51.62,-69.22,57.469999999999956,5.8160343593414465
75,Arraial do Cabo,20,BR,1553439600,55,-22.97,-42.02,86.26999999999995,9.171438797423049
76,Port Alfred,92,ZA,1553440582,93,-33.59,26.89,69.27799999999996,8.00823192555476
77,Dikson,88,RU,1553440173,92,73.51,80.55,20.9966,34.62777380100215
78,Amalapuram,20,IN,1553437800,57,16.58,82.0,80.86999999999996,4.6975662133142455
79,Hambantota,0,LK,1553436600,88,6.12,81.12,80.86999999999996,3.3554044380816035
80,Carnarvon,0,ZA,1553440085,12,-30.97,22.13,89.03660000000002,13.041338582677165
81,Magnolia,90,US,1553440373,67,33.27,-93.24,62.86999999999996,8.05297065139585
82,Narsaq,92,GL,1553439000,86,60.91,-46.05,32.26999999999996,49.436292054402294
83,Cutervo,88,PE,1553440632,86,-6.38,-78.82,57.08660000000002,2.4158911954187547
84,Nerchinskiy Zavod,64,RU,1553440632,56,51.31,119.61,21.4466,6.666070150322119
85,Huarmey,32,PE,1553440633,61,-10.07,-78.15,75.80659999999997,3.758052970651396
86,Kasongo-Lunda,32,CD,1553440633,69,-6.48,16.82,84.4466,3.086972083035075
87,Butaritari,88,KI,1553440325,100,3.07,172.79,81.02660000000004,14.047959914101646
88,Krasnyy Yar,80,RU,1553440634,97,50.7,44.73,32.42660000000004,3.758052970651396
89,Luanda,20,AO,1553439600,79,-8.83,13.24,86.26999999999995,10.28990694345025
90,Kapaa,90,US,1553439697,78,22.08,-159.32,71.86999999999996,14.987473156764496
91,Sarai,0,IN,1553437800,39,25.78,85.28,82.66999999999996,5.8160343593414465
92,Gigmoto,80,PH,1553440635,100,13.78,124.39,74.45659999999998,6.106836077308518
93,Faya,20,SA,1553436000,44,18.39,42.45,75.46999999999997,17.2244094488189
94,Rio Verde de Mato Grosso,0,BR,1553440343,40,-18.92,-54.84,91.37660000000005,9.126700071581961
95,Fairbanks,75,US,1553440207,92,64.84,-147.72,32.26999999999996,0.5144953471725126
96,Udachnyy,0,RU,1553440525,36,66.42,112.4,-11.403399999999998,2.4158911954187547
97,Torbay,75,CA,1553439809,93,47.66,-52.73,39.272000000000034,18.342877594846097
98,Rehoboth,80,NA,1553440638,17,-23.31,17.08,87.5966,0.5144953471725126
99,Leh,80,IN,1553440638,87,34.16,77.58,8.3966,1.6329634931997137
100,Moranbah,0,AU,1553440607,88,-22.0,148.04,70.67660000000004,5.994989262705799
101,Upernavik,8,GL,1553440074,100,72.79,-56.15,-0.15339999999999776,21.206156048675734
102,Luderitz,0,NA,1553440193,84,-26.65,15.16,65.9966,13.265032211882605
103,East London,0,ZA,1553436000,83,-33.02,27.91,70.06999999999996,18.342877594846097
104,Bitkine,24,TD,1553440640,15,11.98,18.21,104.42660000000005,11.699176807444525
105,Ryotsu,44,JP,1553440640,100,38.08,138.43,45.56659999999996,16.508589835361487
106,Bathsheba,75,BB,1553436000,69,13.22,-59.52,82.66999999999996,19.4613457408733
107,Los Llanos de Aridane,75,ES,1553439602,55,28.66,-17.92,66.46999999999997,4.6975662133142455
108,Abu Samrah,92,SY,1553440252,80,35.3,37.18,51.50659999999998,11.699176807444525
109,Keetmanshoop,0,NA,1553439600,9,-26.57,18.15,95.26999999999995,11.40837508947745
110,New Norfolk,75,AU,1553439735,72,-42.78,147.06,64.66999999999996,14.987473156764496
111,Miraflores,80,CO,1553440643,91,5.2,-73.14,58.07660000000004,2.192197566213314
112,Wuda,0,CN,1553440643,35,39.5,106.72,27.926600000000043,1.1855762347888332
113,Ribeira Grande,40,PT,1553437800,63,38.52,-28.7,62.86999999999996,13.869005010737295
114,Sola,75,NO,1553440534,87,58.89,5.65,43.06999999999996,16.1059413027917
115,Sicuani,32,PE,1553440644,85,-14.27,-71.23,48.89660000000001,3.4225125268432355
116,Sitka,8,US,1553439645,77,37.17,-99.65,49.26199999999996,11.989978525411598
117,Waingapu,80,ID,1553440645,92,-9.65,120.26,76.97660000000005,5.659448818897637
118,Russell,0,AR,1553439600,26,-33.01,-68.8,71.86999999999996,12.750536864710094
119,Chimbote,20,PE,1553440598,82,-9.08,-78.59,72.38660000000002,3.4225125268432355
120,Constitucion,5,MX,1553440216,45,23.99,-104.67,55.274000000000015,2.2369362920544025
121,Yangjiang,92,CN,1553440647,100,21.85,111.96,70.4966,10.692555476020043
122,Genhe,20,CN,1553440647,76,50.78,121.52,15.23660000000002,5.659448818897637
123,Paragominas,92,BR,1553440648,92,-3.0,-47.35,81.47660000000005,4.764674302075877
124,Bubaque,0,GW,1553440537,84,11.28,-15.83,83.18660000000003,8.45561918396564
125,Emerald,0,AU,1553440018,65,-23.53,148.16,77.26999999999995,8.05297065139585
126,Clyde River,90,CA,1553437560,76,70.47,-68.59,-9.129999999999988,28.85647816750179
127,Sibolga,36,ID,1553440472,100,1.74,98.78,70.67660000000004,1.6329634931997137
128,Kudahuvadhoo,48,MV,1553440489,100,2.67,72.89,85.25659999999999,11.139942734430925
129,Grasse,0,FR,1553440605,49,43.66,6.92,71.27599999999998,5.8160343593414465
130,Grootfontein,40,NA,1553439600,28,-19.56,18.1,86.26999999999995,5.8160343593414465
131,Esperance,40,TT,1553439619,55,10.24,-61.45,87.27799999999996,14.987473156764496
132,Beringovskiy,88,RU,1553440502,95,63.05,179.32,27.7466,12.034717251252685
133,Barrow,92,AR,1553440330,81,-38.31,-60.23,60.236600000000024,22.883858267716537
134,Kavaratti,0,IN,1553440143,100,10.57,72.64,83.9966,5.212061560486758
135,Roald,75,NO,1553440522,80,62.58,6.12,41.26999999999996,11.40837508947745
136,Gandajika,24,CD,1553440653,77,-6.75,23.95,83.18660000000003,5.771295633500358
137,Varna,0,BG,1553437800,46,43.22,27.9,50.26999999999996,14.987473156764496
138,Vao,0,EE,1553440421,71,59.1,26.19,35.57660000000004,14.159806728704368
139,Coruripe,32,BR,1553440655,93,-10.12,-36.18,84.71659999999997,11.251789549033644
140,Walvis Bay,0,NA,1553439726,56,-22.95,14.51,71.86999999999996,17.2244094488189
141,Tevaitoa,76,PF,1553440656,98,-16.78,-151.5,84.17660000000004,14.159806728704368
142,Finschhafen,92,PG,1553440656,94,-6.6,147.85,73.6466,1.6329634931997137
143,Port Hedland,75,AU,1553439000,88,-20.31,118.58,79.06999999999996,39.14638511095204
144,Poronaysk,0,RU,1553440657,75,49.22,143.1,9.20659999999998,5.659448818897637
145,Lindi,24,TZ,1553440658,67,-10.0,39.71,83.72660000000005,3.758052970651396
146,Eidfjord,76,NO,1553440658,86,60.47,7.07,29.096600000000002,4.093593414459557
147,Tautira,76,PF,1553440385,83,-17.73,-149.15,80.27599999999998,3.3554044380816035
148,Bambanglipuro,8,ID,1553440125,97,-7.95,110.28,72.47660000000005,2.9751252684323553
149,Palora,90,EC,1553436000,88,-1.7,-77.97,70.06999999999996,4.6975662133142455
150,Ilo,0,PE,1553440660,75,-17.65,-71.34,71.93660000000003,3.5343593414459558
151,Chalus,90,IR,1553436000,87,36.66,51.42,55.66999999999996,4.6975662133142455
152,Vitry-le-Francois,20,FR,1553440324,51,48.73,4.58,59.26999999999996,10.28990694345025
153,Castro,0,CL,1553436000,71,-42.48,-73.76,55.66999999999996,10.28990694345025
154,Buraydah,20,SA,1553436000,18,26.33,43.97,93.46999999999997,21.921975662133143
155,Teya,5,MX,1553439622,47,21.05,-89.07,79.06999999999996,13.869005010737295
156,Takoradi,68,GH,1553440331,88,4.89,-1.75,85.88660000000002,9.685934144595562
157,Bredasdorp,76,ZA,1553439689,65,-34.53,20.04,79.06999999999996,11.40837508947745
158,Bahia Blanca,44,AR,1553440404,71,-38.72,-62.27,66.17660000000004,19.19291338582677
159,Ponta do Sol,8,BR,1553440452,77,-20.63,-46.0,79.40659999999998,5.435755189692198
160,Sabha,12,LY,1553440008,51,27.03,14.43,67.70659999999998,7.6726914817466
161,Namatanai,80,PG,1553440099,100,-3.66,152.44,78.77660000000004,8.2319255547602
162,Opuwo,48,NA,1553440321,22,-18.06,13.84,91.73660000000002,5.659448818897637
163,Cururupu,76,BR,1553440665,86,-1.82,-44.87,83.45659999999998,7.78453829634932
164,Mastic Beach,1,US,1553440652,28,40.77,-72.85,49.26199999999996,11.40837508947745
165,Dalianwan,0,CN,1553440623,46,39.03,121.69,50.26999999999996,6.710808876163207
166,Barguzin,20,RU,1553440490,53,53.62,109.63,12.71659999999996,3.086972083035075
167,Marsa Matruh,40,EG,1553436000,63,31.35,27.25,64.66999999999996,21.921975662133143
168,Georgetown,20,GY,1553436000,78,6.8,-58.16,82.66999999999996,13.869005010737295
169,Inta,92,RU,1553440375,80,66.04,60.13,34.85659999999998,9.574087329992842
170,Omboue,56,GA,1553440342,100,-1.57,9.26,82.10659999999999,9.126700071581961
171,Trairi,8,BR,1553440373,100,-3.28,-39.27,80.30659999999997,3.5343593414459558
172,Vestmannaeyjar,75,IS,1553439600,74,63.44,-20.27,35.86999999999996,24.15891195418755
173,Prainha,12,BR,1553440170,74,-1.8,-53.48,86.06659999999997,3.4225125268432355
174,Nikolskoye,40,RU,1553440235,48,59.7,30.79,41.26999999999996,24.606299212598426
175,Yulara,32,AU,1553436000,30,-25.24,130.99,86.26999999999995,11.40837508947745
176,Severo-Kurilsk,88,RU,1553440146,100,50.68,156.12,25.9466,13.153185397279886
177,Kaitangata,92,NZ,1553440273,93,-46.28,169.85,61.946600000000004,6.554223335719399
178,Yenagoa,76,NG,1553440263,71,4.92,6.26,84.62660000000005,10.021474588403724
179,Naruto,20,JP,1553440622,75,34.18,134.62,48.469999999999956,3.3554044380816035
180,Celestun,0,MX,1553440672,100,20.87,-90.4,74.36659999999996,14.159806728704368
181,Bonavista,36,CA,1553439603,86,48.65,-53.11,37.274000000000015,12.996599856836077
182,Weligama,0,LK,1553440673,89,5.97,80.42,82.10659999999999,8.56746599856836
183,Erzurum,90,TR,1553437200,79,39.91,41.27,28.66999999999996,3.3554044380816035
184,Bhadrachalam,20,IN,1553440673,77,17.67,80.89,76.61659999999996,4.988367931281317
185,Viloco,8,BO,1553440674,48,-16.87,-67.5,63.92660000000004,1.968503937007874
186,Nara,0,JP,1553439814,61,34.68,135.8,48.469999999999956,8.05297065139585
187,Havelock,1,US,1553440362,44,34.88,-76.9,64.27400000000002,4.6975662133142455
188,Mezen,56,RU,1553440675,73,65.85,44.24,36.20659999999998,8.56746599856836
189,Kingaroy,12,AU,1553440217,78,-26.54,151.84,71.86999999999996,5.8160343593414465
190,Antiguo Morelos,20,MX,1553440516,76,22.55,-99.08,77.26999999999995,2.9974946313528994
191,Reutte,0,AT,1553440635,74,47.49,10.72,64.27400000000002,12.750536864710094
192,Sao Filipe,0,CV,1553440677,93,14.9,-24.5,71.93660000000003,10.580708661417324
193,Colon,90,US,1553440653,100,41.3,-96.61,50.26999999999996,5.8160343593414465
194,Buala,76,SB,1553440639,91,-8.15,159.59,81.92660000000004,5.994989262705799
195,Tasiilaq,75,GL,1553439000,62,65.61,-37.64,19.66999999999996,17.2244094488189
196,Port Arthur,1,US,1553440207,88,29.9,-93.93,72.26600000000002,8.05297065139585
197,Cabo San Lucas,5,MX,1553439918,67,22.89,-109.91,70.26799999999999,5.8160343593414465
198,Caravelas,68,BR,1553440465,98,-17.73,-39.27,83.45659999999998,15.72566213314245
199,Calvinia,0,ZA,1553440679,22,-31.47,19.78,83.90659999999998,10.692555476020043
200,Saint-Pierre,75,FR,1553440324,62,48.95,4.24,59.26999999999996,12.750536864710094
201,Saint-Philippe,1,CA,1553440206,64,45.36,-73.48,40.26199999999996,6.9345025053686475
202,Marawi,8,PH,1553440475,89,8.0,124.29,68.42660000000004,2.192197566213314
203,Sena Madureira,68,BR,1553440681,89,-9.07,-68.66,79.85659999999999,2.7514316392269147
204,Margate,75,AU,1553440515,72,-43.03,147.26,64.66999999999996,14.987473156764496
205,Cidreira,8,BR,1553440340,75,-30.17,-50.22,81.20659999999998,6.777916964924839
206,Skelleftea,0,SE,1553437200,48,64.75,20.95,39.469999999999956,25.27738010021475
207,Inhambane,75,MZ,1553436000,70,-23.87,35.38,84.46999999999997,12.750536864710094
208,Bethel,90,US,1553435760,93,60.79,-161.76,35.86999999999996,12.750536864710094
209,Santa Cruz,1,US,1553440127,93,36.97,-122.03,46.66999999999996,3.3554044380816035
210,Vila Velha,75,BR,1553440100,70,-3.71,-38.6,86.26999999999995,6.9345025053686475
211,Oskemen,75,KZ,1553437800,86,49.96,82.61,30.46999999999996,2.2369362920544025
212,Nanortalik,88,GL,1553440305,95,60.14,-45.24,33.86659999999996,46.70722977809592
213,Hobara,0,JP,1553440539,75,37.82,140.55,31.261999999999954,4.205440229062276
214,Salalah,20,OM,1553435400,69,17.01,54.1,82.66999999999996,9.171438797423049
215,Usinsk,92,RU,1553440685,91,66.0,57.56,33.776600000000045,14.047959914101646
216,Kodinsk,76,RU,1553440685,50,58.6,99.18,20.636600000000023,4.764674302075877
217,Challans,90,FR,1553440626,62,46.85,-1.88,60.27799999999996,10.28990694345025
218,Iberia,44,PE,1553440686,87,-11.41,-69.49,80.30659999999997,2.9751252684323553
219,Turayf,90,SA,1553436000,87,31.68,38.65,57.469999999999956,27.51431639226915
220,Norman Wells,75,CA,1553436000,85,65.28,-126.83,17.86999999999996,4.6975662133142455
221,Bilibino,12,RU,1553440688,82,68.06,166.44,-3.033399999999993,4.988367931281317
222,Dvinskoy,92,RU,1553440279,90,62.16,45.12,33.776600000000045,8.2319255547602
223,Grahamstown,68,ZA,1553440582,93,-33.31,26.53,69.27799999999996,8.00823192555476
224,Itororo,92,BR,1553440689,94,-15.12,-40.07,74.72660000000005,5.547602004294918
225,Grand Gaube,75,MU,1553440140,94,-20.01,57.66,79.06999999999996,8.05297065139585
226,Natchitoches,90,US,1553440684,72,31.76,-93.09,68.26999999999995,5.8160343593414465
227,Waterloo,90,CA,1553440611,60,43.47,-80.52,41.26999999999996,9.171438797423049
228,Portland,20,US,1553440205,93,45.52,-122.67,46.274000000000015,2.6395848246241944
229,Cap Malheureux,75,MU,1553440140,94,-19.98,57.61,79.06999999999996,8.05297065139585
230,Mayo,75,CA,1553436000,59,63.59,-135.9,37.66999999999996,2.2369362920544025
231,Lethem,0,GY,1553440345,40,3.38,-59.8,94.07660000000004,14.607193987115247
232,Ketchikan,40,US,1553437440,100,55.34,-131.65,39.469999999999956,5.8160343593414465
233,Senneterre,75,CA,1553436000,61,48.39,-77.24,14.269999999999957,10.28990694345025
234,Sur,0,OM,1553440693,90,22.57,59.53,75.53660000000002,12.034717251252685
235,Mount Isa,40,AU,1553437800,74,-20.73,139.49,79.06999999999996,12.750536864710094
236,Sabancuy,0,MX,1553440694,99,18.97,-91.18,77.15659999999998,12.705798138869005
237,Longyearbyen,0,NO,1553439000,66,78.22,15.63,16.069999999999958,6.9345025053686475
238,Provideniya,92,RU,1553440204,94,64.42,-173.23,29.90659999999998,19.863994273443094
239,Yatou,75,CM,1553439600,83,3.63,9.81,82.66999999999996,3.3554044380816035
240,Noyabrsk,0,RU,1553440696,85,63.2,75.45,21.8966,5.659448818897637
241,Tacoronte,75,ES,1553440574,63,28.48,-16.41,69.27799999999996,8.05297065139585
242,Alofi,48,NU,1553436000,83,-19.06,-169.92,75.46999999999997,6.9345025053686475
243,Port-Gentil,75,GA,1553436000,79,-0.72,8.78,84.46999999999997,12.750536864710094
244,Cuamba,36,MZ,1553440699,79,-14.8,36.54,76.16659999999996,8.12007874015748
245,Batagay-Alyta,0,RU,1553440344,28,67.8,130.41,-20.673400000000008,2.7514316392269147
246,Iqaluit,20,CA,1553438563,65,63.75,-68.52,3.46999999999996,6.9345025053686475
247,Tiradentes,44,BR,1553440700,100,-18.95,-49.46,81.02660000000004,3.758052970651396
248,Diffa,32,NE,1553440700,14,13.32,12.61,102.71659999999996,12.482104509663564
249,Vaitape,44,PF,1553440701,100,-16.52,-151.75,83.27660000000004,12.482104509663564
250,Lompoc,75,US,1553440446,93,34.64,-120.46,53.27599999999999,5.771295633500358
251,Ulagan,48,RU,1553440701,82,50.63,87.96,15.95659999999998,2.5277380100214746
252,Watford,0,GB,1553440700,44,51.66,-0.4,59.26999999999996,10.28990694345025
253,Xining,0,CN,1553440702,36,36.62,101.77,28.28660000000002,5.547602004294918
254,Xinzhi,75,TW,1553440498,88,22.54,120.62,70.06999999999996,5.8160343593414465
255,Rivera,32,UY,1553440703,60,-30.9,-55.54,79.67660000000004,12.482104509663564
256,Mollendo,8,PE,1553440704,56,-17.03,-72.02,74.54660000000001,3.981746599856836
257,Lucea,20,JM,1553440541,65,18.44,-78.17,82.66999999999996,4.6975662133142455
258,Airai,8,TL,1553440704,87,-8.93,125.41,72.47660000000005,1.1855762347888332
259,Lorengau,88,PG,1553440310,98,-2.02,147.27,82.82660000000004,7.56084466714388
260,Svetlogorsk,20,RU,1553437800,80,53.14,59.15,34.06999999999996,8.94774516821761
261,Westport,75,IE,1553440205,75,53.8,-9.52,53.27599999999999,18.342877594846097
262,Pisco,40,PE,1553436000,30,-13.71,-76.2,71.86999999999996,4.6975662133142455
263,Baghramyan,90,AM,1553439600,86,40.19,43.86,39.469999999999956,4.6975662133142455
264,Victoria,75,BN,1553437800,83,5.28,115.24,82.66999999999996,1.1184681460272012
265,Nikolayevsk-na-amure,80,RU,1553440707,82,53.14,140.72,18.926600000000043,11.811023622047244
266,Zhigansk,12,RU,1553440217,63,66.77,123.37,0.7466000000000008,7.001610594130279
267,Grand Baie,75,MU,1553440140,94,-20.02,57.58,79.06999999999996,8.05297065139585
268,Te Anau,48,NZ,1553440367,90,-45.41,167.72,59.606599999999986,6.777916964924839
269,Aykhal,0,RU,1553440243,40,65.95,111.51,-13.743400000000022,2.6395848246241944
270,Benicarlo,0,ES,1553440570,22,40.42,0.43,71.27599999999998,5.010737294201862
271,Olinda,75,EC,1553440615,83,-2.03,-79.75,83.26400000000004,1.1184681460272012
272,Belmonte,8,PT,1553439677,34,40.36,-7.35,71.27599999999998,7.001610594130279
273,Leon,90,US,1553439710,93,40.74,-93.75,48.272000000000034,4.6975662133142455
274,Saint-Joseph,0,FR,1553440322,49,43.56,6.97,71.27599999999998,5.8160343593414465
275,Owando,100,CG,1553440712,79,-0.49,15.91,81.29660000000001,1.5211166785969936
276,Krasnomayskiy,0,RU,1553437800,80,55.0,82.52,30.46999999999996,6.710808876163207
277,Ancud,0,CL,1553436000,71,-41.87,-73.83,55.66999999999996,10.28990694345025
278,Fortuna,0,ES,1553440330,48,38.18,-1.13,68.26999999999995,8.05297065139585
279,Sorong,8,ID,1553440177,99,-0.86,131.25,82.82660000000004,9.797780959198281
280,Wamba,24,CD,1553440547,75,2.14,27.99,81.02660000000004,2.5277380100214746
281,Bambous Virieux,75,MU,1553440140,94,-20.34,57.76,79.06999999999996,10.28990694345025
282,Tungor,88,RU,1553440714,89,53.39,142.95,22.70659999999998,14.271653543307087
283,Pevek,44,RU,1553440341,89,69.7,170.27,-10.413399999999982,6.777916964924839
284,Anloga,20,GH,1553436000,66,5.79,0.9,89.86999999999996,13.869005010737295
285,Laguna,5,MX,1553435340,70,27.52,-110.01,46.66999999999996,4.6975662133142455
286,Baculin,36,PH,1553440716,96,7.45,126.58,75.17660000000004,11.475483178239084
287,Lagoa,20,PT,1553440328,52,37.14,-8.45,72.26600000000002,18.342877594846097
288,Chapais,1,CA,1553436000,45,49.78,-74.86,1.669999999999959,17.2244094488189
289,Pacifica,1,US,1553440715,93,37.61,-122.49,50.26999999999996,1.744810307802434
290,Sinegorye,44,RU,1553440718,67,62.09,150.53,-6.9934000000000225,1.968503937007874
291,Den Helder,40,NL,1553440659,70,52.96,4.76,52.26799999999999,11.40837508947745
292,Khani,75,GE,1553437800,70,41.96,42.96,44.86999999999996,18.342877594846097
293,Vila Franca do Campo,75,PT,1553437800,72,37.72,-25.43,62.86999999999996,14.987473156764496
294,Makhachkala,56,RU,1553437800,70,42.98,47.5,44.27599999999999,11.184681460272012
295,Harlingen,75,US,1553440224,88,26.19,-97.7,75.27200000000005,5.8160343593414465
296,Port Elizabeth,1,US,1553440304,39,39.31,-74.98,54.266000000000005,8.05297065139585
297,Quesnel,1,CA,1553439632,100,52.98,-122.49,25.069999999999958,2.6395848246241944
298,Mokhsogollokh,80,RU,1553440721,73,61.4,128.95,11.90659999999998,4.205440229062276
299,Mobile,1,US,1553440633,67,30.69,-88.04,67.26199999999996,5.8160343593414465
300,Tuatapere,56,NZ,1553440205,82,-46.13,167.69,69.27799999999996,1.990873299928418
301,Waipawa,0,NZ,1553438536,92,-39.94,176.59,52.26799999999999,3.086972083035075
302,Mount Gambier,40,AU,1553436060,82,-37.83,140.78,55.66999999999996,18.342877594846097
303,Caluquembe,64,AO,1553440723,42,-13.78,14.68,82.28660000000002,3.1988188976377954
304,Porto Novo,75,BR,1553439600,61,-23.68,-45.44,80.86999999999996,3.3554044380816035
305,Komsomolskiy,88,RU,1553440241,90,67.55,63.78,30.80659999999998,17.85075161059413
306,Cherskiy,0,RU,1553440340,23,68.75,161.3,-15.453400000000002,3.5343593414459558
307,Erattupetta,0,IN,1553437800,70,9.69,76.78,86.26999999999995,5.8160343593414465
308,Bulawayo,0,ZW,1553440725,41,-20.16,28.59,81.02660000000004,9.014853256979242
309,Sambava,32,MG,1553440581,99,-14.27,50.17,84.4466,15.501968503937007
310,Topchanchi,0,IN,1553440726,30,23.9,86.2,75.53660000000002,7.6726914817466
311,Hofn,0,IS,1553436000,52,64.25,-15.21,44.86999999999996,21.921975662133143
312,Ichchapuram,0,IN,1553440728,76,19.11,84.69,77.87660000000005,4.205440229062276
313,Berlevag,24,NO,1553440162,100,70.86,29.09,29.45659999999998,4.540980672870436
314,Tongren,0,CN,1553440729,93,27.72,109.18,40.25659999999998,2.4158911954187547
315,Lavrentiya,92,RU,1553440425,100,65.58,-170.99,28.376600000000042,17.06782390837509
316,Robat Karim,90,IR,1553440385,66,35.49,51.08,62.86999999999996,6.9345025053686475
317,The Valley,40,AI,1553440586,69,18.22,-63.06,82.66999999999996,18.342877594846097
318,Meulaboh,80,ID,1553440169,100,4.14,96.13,76.61659999999996,6.777916964924839
319,Alta Floresta,12,BR,1553440730,76,-9.87,-56.08,85.43660000000003,2.7514316392269147
320,Ouadda,32,CF,1553440731,21,8.07,22.4,99.65659999999998,5.100214745884037
321,Natal,40,BR,1553439600,62,-5.81,-35.21,89.86999999999996,6.9345025053686475
322,Tecoanapa,5,MX,1553435040,69,16.99,-99.26,75.46999999999997,3.3554044380816035
323,Ilulissat,75,GL,1553439000,47,69.22,-51.1,16.069999999999958,5.8160343593414465
324,Canberra,92,AU,1553440684,82,-35.3,149.1,66.27200000000005,16.1059413027917
325,Anadyr,90,RU,1553440389,85,64.73,177.51,21.469999999999956,26.843235504652828
326,La Orilla,0,MX,1553440734,75,18.0,-102.23,77.87660000000005,3.5343593414459558
327,Daru,8,SL,1553440450,56,7.99,-10.85,93.17660000000004,4.205440229062276
328,San Carlos de Bariloche,40,AR,1553436000,71,-41.13,-71.31,50.26999999999996,2.2369362920544025
329,Terrak,90,NO,1553440502,86,65.09,12.37,39.272000000000034,14.987473156764496
330,Rosa,8,IN,1553440735,35,27.85,79.92,79.4966,7.225304223335719
331,Darnah,0,LY,1553440736,100,32.77,22.64,60.776600000000045,23.890479599141017
332,Inhambupe,68,BR,1553440736,92,-11.79,-38.36,81.92660000000004,4.540980672870436
333,Karratha,92,AU,1553440214,88,-20.74,116.85,75.71659999999997,34.62777380100215
334,Salinopolis,64,BR,1553440739,100,-0.61,-47.36,80.75659999999999,8.12007874015748
335,Matagami,24,NG,1553440302,24,9.67,8.4,95.15659999999998,2.6395848246241944
336,Hirado,48,JP,1553440388,59,33.32,129.49,46.274000000000015,2.9974946313528994
337,Maragogi,48,BR,1553440740,81,-9.01,-35.22,87.1466,8.791159627773801
338,Coquimbo,90,CL,1553436000,87,-29.95,-71.34,57.469999999999956,4.6975662133142455
339,Hita,48,JP,1553440684,75,33.31,130.95,48.469999999999956,5.8160343593414465
340,Burnie,92,AU,1553440144,85,-41.05,145.91,61.26799999999999,7.001610594130279
341,Nanakuli,1,US,1553440702,73,21.39,-158.15,73.66999999999996,3.3554044380816035
342,Kokkola,0,FI,1553440716,44,63.84,23.13,39.469999999999956,12.750536864710094
343,Comodoro Rivadavia,0,AR,1553436000,67,-45.87,-67.48,59.26999999999996,1.1184681460272012
344,Richards Bay,20,ZA,1553440365,74,-28.77,32.06,80.48660000000002,9.797780959198281
345,Mahebourg,75,MU,1553440140,94,-20.41,57.7,79.06999999999996,10.28990694345025
346,Paducah,90,US,1553440529,71,37.08,-88.6,54.266000000000005,9.797780959198281
347,Tawang,0,BT,1553440744,62,27.59,91.87,38.63660000000002,0.961882605583393
348,Wuning,92,CN,1553440745,89,29.26,120.23,49.88660000000002,2.6395848246241944
349,Sechura,0,PE,1553440417,73,-5.56,-80.82,76.79660000000001,5.100214745884037
350,Lasa,75,CY,1553437800,54,34.92,32.53,62.86999999999996,16.1059413027917
351,Batemans Bay,68,AU,1553440170,75,-35.71,150.18,73.27400000000002,1.0066213314244812
352,Honiara,64,SB,1553440747,100,-9.43,159.96,74.00659999999999,1.0737294201861132
353,Ananindeua,75,BR,1553439600,83,-1.37,-48.4,79.06999999999996,6.9345025053686475
354,Chunhuhub,0,MX,1553440748,52,19.59,-88.59,81.29660000000001,3.086972083035075
355,Puri,44,ID,1553440748,94,-7.54,112.45,72.47660000000005,2.7514316392269147
356,Aksu,90,KZ,1553437800,92,52.04,76.93,32.26999999999996,4.764674302075877
357,Deputatskiy,8,RU,1553440469,0,69.3,139.9,-26.2534,3.4225125268432355
358,Padang,20,ID,1553436000,94,-0.92,100.36,77.26999999999995,1.1184681460272012
359,Sampit,56,ID,1553440751,91,-2.54,112.95,78.41659999999996,2.192197566213314
360,Contamana,32,PE,1553440268,81,-7.35,-75.01,82.6466,2.7514316392269147
361,Biu,32,NG,1553440751,15,10.61,12.19,101.45659999999998,8.12007874015748
362,Beatrice,90,US,1553440327,93,40.27,-96.75,49.26199999999996,5.8160343593414465
363,Milas,0,TR,1553439000,20,37.31,27.78,64.66999999999996,16.1059413027917
364,Alim,64,NG,1553440753,67,7.18,7.33,87.5966,9.014853256979242
365,Alice Springs,88,AU,1553437800,69,-23.7,133.88,79.06999999999996,16.1059413027917
366,Umm Lajj,36,SA,1553440753,65,25.02,37.27,76.07660000000004,8.45561918396564
367,Honningsvag,92,NO,1553440754,100,70.98,25.97,34.0466,8.56746599856836
368,Filingue,12,NE,1553440754,17,14.35,3.32,103.70659999999998,10.133321403006443
369,Gimli,0,CA,1553440553,50,50.63,-96.99,17.27599999999999,9.999105225483177
370,Konstantinovo,5,BG,1553439600,18,42.0,25.79,62.86999999999996,11.40837508947745
371,Henties Bay,36,NA,1553439726,80,-22.12,14.28,68.26999999999995,8.00823192555476
372,Sapernoye,36,RU,1553440343,72,60.72,29.95,40.26199999999996,9.574087329992842
373,Sezemice,90,CZ,1553440676,62,50.07,15.85,54.266000000000005,4.6975662133142455
374,Baruun-Urt,0,MN,1553440757,36,46.68,113.28,28.376600000000042,12.593951324266285
375,Kavieng,76,PG,1553440319,100,-2.57,150.8,83.00659999999999,9.797780959198281
376,Imbituba,0,BR,1553439600,54,-28.24,-48.67,84.46999999999997,12.750536864710094
377,Kotaparh,48,IN,1553440758,31,19.15,82.35,86.60659999999999,9.797780959198281
378,Sorland,20,NO,1553437200,59,67.67,12.69,35.86999999999996,11.40837508947745
379,Marsh Harbour,36,BS,1553439921,100,26.54,-77.06,73.6466,17.291517537580532
380,Praia,75,BR,1553436000,58,-20.25,-43.81,82.66999999999996,4.6975662133142455
381,Hami,0,CN,1553440197,38,42.84,93.51,41.2466,5.100214745884037
382,Gushikawa,75,JP,1553440389,59,26.35,127.87,64.66999999999996,4.6975662133142455
383,Weihai,0,CN,1553440553,82,37.5,122.11,47.26400000000003,1.0066213314244812
384,Pitimbu,40,BR,1553436000,66,-7.47,-34.81,88.06999999999996,4.6975662133142455
385,Qaqortoq,64,GL,1553439000,85,60.72,-46.03,32.26999999999996,49.436292054402294
386,Antofagasta,0,CL,1553436000,64,-23.65,-70.4,68.26999999999995,6.9345025053686475
387,Umm Kaddadah,0,SD,1553440764,8,13.6,26.69,103.07660000000004,5.100214745884037
388,Saldanha,0,PT,1553440527,26,41.42,-6.55,70.31659999999997,10.804402290622763
389,North Bend,1,US,1553439818,93,43.41,-124.22,42.27799999999996,9.171438797423049
390,Kannangad,0,IN,1553440765,84,12.31,75.11,84.35659999999999,6.554223335719399
391,Erzin,0,TR,1553440469,21,36.95,36.2,61.069999999999965,19.4613457408733
392,Port Lincoln,8,AU,1553440514,91,-34.72,135.86,62.486600000000024,24.673407301360058
393,Pacific Grove,1,US,1553440219,93,36.62,-121.92,48.272000000000034,3.4225125268432355
394,Maceio,75,BR,1553439600,58,-9.67,-35.74,88.06999999999996,10.28990694345025
395,Sao Jose da Coroa Grande,48,BR,1553440767,81,-8.9,-35.15,87.1466,8.791159627773801
396,Reconquista,80,AR,1553440768,78,-29.14,-59.64,79.13660000000002,5.435755189692198
397,Hovd,90,NO,1553440271,93,63.83,10.7,38.26400000000003,2.6395848246241944
398,Korostarcsa,0,HU,1553439600,30,46.88,21.03,70.06999999999996,4.6975662133142455
399,Yokadouma,24,CM,1553440769,62,3.52,15.05,85.25659999999999,4.093593414459557
400,Velikiy Ustyug,76,RU,1553440769,86,60.76,46.3,35.03660000000002,12.593951324266285
401,Zhenhai,0,CN,1553436000,66,29.95,121.71,52.069999999999965,11.184681460272012
402,Lakes Entrance,44,AU,1553440535,63,-37.88,147.99,75.27200000000005,9.685934144595562
403,Kununurra,56,AU,1553437800,66,-15.77,128.74,84.46999999999997,6.9345025053686475
404,Dunedin,88,NZ,1553440286,96,-45.87,170.5,62.27599999999999,6.554223335719399
405,Larsnes,75,NO,1553440522,80,62.2,5.58,41.26999999999996,11.40837508947745
406,Porto Empedocle,20,IT,1553440642,63,37.29,13.53,63.266000000000005,12.750536864710094
407,Labuhan,20,ID,1553440445,93,-2.54,115.51,75.8966,1.744810307802434
408,Gizo,75,IL,1553440098,63,31.8,34.94,66.27200000000005,11.40837508947745
409,Abhar,92,IR,1553440774,96,36.14,49.22,42.05659999999998,3.981746599856836
410,Yuza,88,JP,1553440774,84,39.05,139.95,41.42660000000004,13.488725841088046
411,Dingle,20,PH,1553440327,69,11.0,122.67,77.96659999999997,8.67931281317108
412,Mogadishu,8,SO,1553440360,98,2.04,45.34,83.45659999999998,13.824266284896206
413,Shar,80,NG,1553440776,52,7.3,8.73,92.00659999999999,10.692555476020043
414,Isangel,92,VU,1553440249,100,-19.55,169.27,81.7466,18.29813886900501
415,Thul,75,PK,1553439600,78,28.24,68.77,73.66999999999996,6.777916964924839
416,Tremedal,92,BR,1553440777,100,-14.98,-41.41,71.75659999999999,4.093593414459557
417,Doka,8,SD,1553440352,16,13.52,35.76,99.65659999999998,8.12007874015748
418,Amarpatan,0,IN,1553440777,30,24.32,80.97,74.9966,5.659448818897637
419,Abis,0,YE,1553440778,24,14.53,45.35,78.68660000000003,9.462240515390123
420,Plainview,1,US,1553440709,70,34.18,-101.71,52.26799999999999,12.750536864710094
421,Xinmin,0,CN,1553437800,48,42.0,122.83,41.26999999999996,4.473872584108805
422,Sjenica,0,RS,1553440779,28,43.27,20.0,57.62660000000004,1.0737294201861132
423,Deep River,75,CA,1553440669,70,46.1,-77.49,37.274000000000015,9.171438797423049
424,Korem,12,ET,1553440780,35,12.51,39.52,76.52660000000004,2.4158911954187547
425,Paracuru,75,BR,1553440700,70,-3.41,-39.03,86.26999999999995,6.9345025053686475
426,Petropavlovsk-Kamchatskiy,40,RU,1553436000,100,53.05,158.65,25.069999999999958,2.4158911954187547
427,Port Macquarie,8,AU,1553440205,88,-31.43,152.91,74.26400000000004,4.6975662133142455
428,Touros,75,BR,1553436000,66,-5.2,-35.46,88.06999999999996,2.2369362920544025
429,Whitianga,56,NZ,1553440511,86,-36.83,175.7,65.26400000000004,10.468861846814603
430,Rio Grande,0,BR,1553436000,47,-32.03,-52.1,80.86999999999996,13.869005010737295
431,Carballo,0,ES,1553440273,52,43.21,-8.69,76.26199999999996,8.05297065139585
432,Biograd na Moru,0,HR,1553440565,34,43.94,15.45,68.26999999999995,8.05297065139585
433,Sao Joao da Barra,75,BR,1553436000,58,-21.64,-41.05,86.26999999999995,3.3554044380816035
434,Haines Junction,0,CA,1553440437,80,60.75,-137.51,21.62660000000004,2.5277380100214746
435,Marienburg,20,DE,1553440337,53,52.12,9.98,52.26799999999999,9.171438797423049
436,Drayton Valley,92,CA,1553440785,93,53.22,-114.98,32.51659999999996,6.2186828919112385
437,Rocha,0,UY,1553440786,71,-34.48,-54.34,70.9466,13.824266284896206
438,Paamiut,92,GL,1553440355,78,61.99,-49.67,37.55659999999998,37.87133142448103
439,Tigil,0,RU,1553440787,59,57.8,158.67,4.70659999999998,7.225304223335719
440,Pyinmana,0,MM,1553440787,70,19.74,96.21,77.15659999999998,2.192197566213314
441,Agadez,0,NE,1553436000,13,16.97,7.99,98.86999999999996,11.40837508947745
442,Straumen,90,NO,1553440744,86,63.87,11.3,40.26199999999996,3.086972083035075
443,Ust-Omchug,24,RU,1553440788,60,61.13,149.63,-9.33339999999999,2.4158911954187547
444,Saint-Leu,20,RE,1553440604,74,-21.15,55.28,84.46999999999997,19.4613457408733
445,Chingirlau,32,KZ,1553440236,91,51.09,54.08,34.58660000000002,9.23854688618468
446,Indiana,1,US,1553440520,41,40.62,-79.15,49.26199999999996,9.171438797423049
447,Dedovichi,36,RU,1553440790,52,57.55,29.95,40.16659999999996,18.745526127415893
448,Katsuura,20,JP,1553440374,75,33.93,134.5,44.86999999999996,3.3554044380816035
449,Limbang,75,BN,1553437800,88,4.75,115.01,82.66999999999996,4.6975662133142455
450,Bodden Town,75,KY,1553439605,83,19.28,-81.25,82.27400000000002,11.40837508947745
451,San Andres,32,PH,1553440481,97,13.32,122.68,81.65659999999998,15.613815318539729
452,Seoul,0,KR,1553437800,69,37.57,126.98,39.469999999999956,10.28990694345025
453,West Wendover,90,US,1553435760,60,40.74,-114.07,43.06999999999996,13.869005010737295
454,Nabire,80,ID,1553440252,92,-3.36,135.5,68.60659999999999,1.6329634931997137
455,Chuy,0,UY,1553440609,93,-33.69,-53.46,70.67660000000004,17.06782390837509
456,Pierre,90,US,1553440695,93,44.37,-100.35,39.272000000000034,4.6975662133142455
457,Great Yarmouth,20,GB,1553440717,50,52.61,1.73,56.26400000000004,11.40837508947745
458,Benguela,8,AO,1553440794,86,-12.58,13.4,85.61659999999996,11.811023622047244
459,Saint-Denis,90,FR,1553439953,62,48.94,2.36,55.66999999999996,8.05297065139585
460,Oranjemund,68,ZA,1553440794,89,-28.55,16.43,63.47660000000005,9.574087329992842
461,Rognan,88,NO,1553440577,74,67.1,15.4,36.266000000000005,6.106836077308518
462,Xai-Xai,0,MZ,1553440795,84,-25.04,33.64,81.47660000000005,9.462240515390123
463,Nishihara,0,JP,1553440735,45,35.74,139.53,50.26999999999996,12.750536864710094
464,Porto Walter,24,BR,1553440796,80,-8.27,-72.74,82.82660000000004,1.744810307802434
465,Ambilobe,68,MG,1553440519,94,-13.19,49.05,78.32660000000004,3.5343593414459558
466,Chimore,88,BO,1553440797,94,-16.98,-65.13,73.55659999999997,2.9751252684323553
467,Kyaikkami,0,MM,1553440797,88,16.08,97.57,77.96659999999997,4.988367931281317
468,Aksha,32,RU,1553440798,33,50.28,113.29,24.41659999999996,14.159806728704368
469,Panzhihua,0,CN,1553440798,29,26.59,101.72,55.37660000000004,3.981746599856836
470,Christchurch,8,NZ,1553440278,100,-43.53,172.64,67.26199999999996,2.2369362920544025
471,Mariental,0,DE,1553440721,49,52.28,10.99,53.27599999999999,9.171438797423049
472,Dunn,1,US,1553440793,47,35.31,-78.61,64.27400000000002,3.3554044380816035
473,Port-Cartier,40,CA,1553440704,54,50.03,-66.88,32.26999999999996,14.987473156764496
474,Plettenberg Bay,20,ZA,1553440269,93,-34.05,23.37,68.78660000000002,13.600572655690767
475,Craig,75,US,1553440524,80,40.52,-107.55,32.26999999999996,10.28990694345025
476,Sturgeon Bay,1,US,1553439360,74,44.83,-87.38,41.26999999999996,19.4613457408733
477,Tucuman,64,PE,1553440802,63,-17.17,-70.89,68.87660000000005,3.5343593414459558
478,Tura,0,IN,1553440326,62,25.52,90.21,69.50659999999999,5.435755189692198
479,Hohhot,0,CN,1553436000,13,40.81,111.65,37.66999999999996,2.2369362920544025
480,Geraldton,5,CA,1553436000,39,49.72,-86.95,8.869999999999958,6.9345025053686475
481,Wanning,0,AT,1553440657,42,48.64,13.53,64.66999999999996,12.750536864710094
482,Quzhou,92,CN,1553440804,99,28.97,118.86,49.70659999999998,2.4158911954187547
483,Kyshtovka,68,RU,1553440805,82,56.56,76.62,26.03660000000002,7.113457408733
484,Myingyan,20,MM,1553437800,68,21.46,95.39,71.86999999999996,8.12007874015748
485,Itarema,80,BR,1553440385,100,-2.92,-39.92,79.58660000000003,4.652827487473157
486,Kintinku,20,TZ,1553440806,37,-5.89,35.22,88.67660000000004,7.56084466714388
487,Lundazi,36,ZM,1553440807,76,-12.29,33.17,78.23660000000002,7.44899785254116
488,Frankfort,1,US,1553440734,34,38.2,-84.87,58.26199999999996,6.9345025053686475
489,Nouadhibou,40,MR,1553436000,60,20.93,-17.03,71.86999999999996,13.869005010737295
490,San Quintin,0,PH,1553440432,82,17.54,120.52,69.50659999999999,3.086972083035075
491,Kuvandyk,88,RU,1553440808,92,51.48,57.35,34.13660000000002,4.205440229062276
492,High Level,20,CA,1553439600,73,58.52,-117.13,19.66999999999996,5.8160343593414465
493,Adrar,32,DZ,1553436000,18,27.87,-0.29,82.66999999999996,19.4613457408733
494,Sitrah,44,BH,1553439600,83,26.15,50.62,80.86999999999996,18.342877594846097
495,Chicama,40,PE,1553436000,94,-7.84,-79.15,68.26999999999995,10.28990694345025
496,Raigarh,0,IN,1553440813,36,21.9,83.39,73.82660000000004,5.547602004294918
497,Samarai,92,PG,1553440389,100,-10.62,150.67,78.32660000000004,13.488725841088046
498,Lake Havasu City,1,US,1553440763,44,34.47,-114.34,59.26999999999996,2.5277380100214746
499,Luebo,80,CD,1553440815,94,-5.35,21.42,75.98660000000002,1.1855762347888332
500,Mitsamiouli,40,KM,1553439600,70,-11.38,43.28,86.26999999999995,1.1184681460272012
501,Senj,0,HR,1553440808,34,45.35,13.91,72.26600000000002,5.8160343593414465
502,Plouzane,75,FR,1553440685,71,48.38,-4.62,56.26400000000004,14.987473156764496
503,Florence,1,US,1553440814,47,34.8,-87.68,65.26400000000004,4.6975662133142455
504,Samana,40,EC,1553436000,88,0.12,-76.97,79.06999999999996,2.7514316392269147
505,Ligayan,88,PH,1553440818,99,4.65,119.47,82.73660000000002,4.988367931281317
506,Bojnurd,0,IR,1553436000,41,37.47,57.33,61.069999999999965,4.6975662133142455
507,Gonbad-e Qabus,0,IR,1553436000,77,37.25,55.17,70.06999999999996,6.9345025053686475
508,Ayr,40,GB,1553440639,76,55.46,-4.63,50.26999999999996,20.80350751610594
509,Montenegro,0,BR,1553440727,61,-29.68,-51.47,84.27200000000005,5.8160343593414465
510,Teguise,0,ES,1553439600,82,29.06,-13.56,66.46999999999997,14.987473156764496
511,Biloela,32,AU,1553440821,94,-24.4,150.51,68.78660000000002,7.113457408733
512,Pathalgaon,0,IN,1553440821,55,22.56,83.46,66.80659999999997,3.1988188976377954
513,Kota,20,IN,1553440822,81,25.17,75.86,67.70659999999998,3.086972083035075
514,Galle,90,US,1553440819,88,29.74,-97.91,70.26799999999999,12.750536864710094
515,Durres,0,AL,1553439000,40,41.32,19.44,70.06999999999996,11.40837508947745
516,Inirida,68,CO,1553440459,89,3.87,-67.92,79.9466,1.968503937007874
517,Aligarh,68,IN,1553440823,51,27.88,78.07,77.33660000000003,5.771295633500358
518,Kirakira,92,SB,1553440386,100,-10.46,161.92,82.37660000000005,8.2319255547602
519,Homer,1,US,1553440599,95,59.64,-151.54,34.26799999999999,4.6975662133142455
520,Saint-Augustin,0,FR,1553440329,32,44.83,-0.61,73.27400000000002,8.05297065139585
521,Japura,32,ID,1553440825,79,-0.42,102.29,80.30659999999997,2.0803507516105944
522,Flinders,48,AU,1553440335,57,-34.58,150.85,77.26999999999995,11.40837508947745
523,Mazyr,20,BY,1553440826,52,52.05,29.27,48.17660000000004,14.271653543307087
524,Haldibari,40,IN,1553437800,69,26.34,88.78,73.66999999999996,3.3554044380816035
525,Camargo,0,MX,1553440827,23,27.69,-105.17,59.87660000000004,7.6726914817466
526,Urucara,24,BR,1553440828,71,-2.54,-57.76,88.04660000000001,3.758052970651396
527,Kokopo,80,PG,1553440829,100,-4.34,152.27,75.17660000000004,2.9751252684323553
528,Elwood,90,US,1553440575,87,40.59,-99.86,43.26799999999999,8.05297065139585
529,Ericeira,20,PT,1553440828,35,38.96,-9.42,73.66999999999996,10.28990694345025
530,Cordele,1,US,1553440816,45,31.96,-83.78,70.06999999999996,5.8160343593414465
531,Port Hardy,20,CA,1553436000,92,50.7,-127.42,30.46999999999996,2.2369362920544025
532,Kassala,0,SD,1553440832,11,15.45,36.38,99.65659999999998,6.554223335719399
533,Mahajanga,20,MG,1553439600,89,-15.72,46.32,84.46999999999997,4.6975662133142455
534,Ukiah,90,US,1553440597,93,39.15,-123.21,45.266000000000005,2.192197566213314
535,Diego de Almagro,0,CL,1553440833,75,-26.39,-70.05,70.40659999999998,3.5343593414459558
536,Viesca,0,MX,1553440682,39,25.34,-102.81,70.26799999999999,3.6462061560486756
537,Urengoy,88,RU,1553440469,89,65.96,78.37,27.7466,10.021474588403724
538,Bergerac,0,FR,1553440544,32,44.85,0.49,72.26600000000002,14.987473156764496
539,Quelimane,40,MZ,1553439600,74,-17.88,36.89,82.66999999999996,9.171438797423049
540,Kungurtug,12,RU,1553440835,75,50.6,97.53,13.076600000000042,2.4158911954187547
541,Ostrovnoy,76,RU,1553440397,88,68.05,39.51,30.80659999999998,15.166428060128847
542,Ust-Kuyga,12,RU,1553440836,30,70.0,135.55,-21.12340000000001,2.5277380100214746
543,Kamenka,0,RU,1553440517,95,53.19,44.05,32.2466,5.435755189692198
544,Fonseca,20,CO,1553439600,49,10.89,-72.84,89.86999999999996,13.869005010737295
545,Ahipara,0,NZ,1553440471,100,-35.17,173.16,59.96659999999996,5.771295633500358
546,Kitimat,20,CA,1553440585,86,54.02,-128.69,32.26999999999996,14.987473156764496
547,Acacias,80,CO,1553440838,96,5.51,-74.29,71.12660000000005,1.744810307802434
548,Pochutla,5,MX,1553440522,65,15.74,-96.47,86.26999999999995,2.4158911954187547
549,Kayes,24,ML,1553440839,30,14.44,-11.44,99.2966,5.771295633500358
550,Tyler,90,US,1553440739,88,32.35,-95.3,66.46999999999997,11.40837508947745
551,Puerto Colombia,0,CO,1553440547,70,10.99,-74.96,86.26999999999995,13.869005010737295
552,Priiskovyy,36,RU,1553440840,25,51.93,116.63,19.6466,13.488725841088046
553,Sayyan,32,YE,1553440404,21,15.17,44.32,76.07660000000004,2.7514316392269147
